idind	idcol	CXSGT	M1079	M1102	M1106	M1112	M1113	M1551	M1975	M1979	M244	M809	M811	M813	M815	M831	PP1	PP3	run	col_origin	proba_col_origin	proba_rank	natal_disperser
1389	PP1	0.038	0.034	0.051	0.084	0.079	0.069	0.088	0.049	0.043	0.046	0.064	0.049	0.08	0.051	0.067	0.046	0.061	2	M1551	0.088	1	TRUE
2387	M1551	0.037	0.06	0.085	0.065	0.065	0.054	0.084	0.041	0.032	0.045	0.06	0.066	0.051	0.048	0.09	0.052	0.066	2	M831	0.09	1	TRUE
1837	M1975	0.027	0.049	0.051	0.041	0.036	0.042	0.034	0.238	0.196	0.026	0.034	0.035	0.04	0.032	0.033	0.04	0.046	2	M1975	0.238	1	FALSE
298	PP1	0.054	0.039	0.037	0.059	0.074	0.054	0.058	0.044	0.038	0.044	0.106	0.058	0.059	0.076	0.068	0.08	0.05	2	M809	0.106	1	TRUE
245	M831	0.058	0.061	0.075	0.034	0.064	0.066	0.058	0.045	0.089	0.04	0.059	0.053	0.074	0.077	0.051	0.051	0.043	2	M1979	0.089	1	TRUE
112	M831	0.035	0.032	0.048	0.058	0.06	0.052	0.051	0.063	0.1	0.052	0.063	0.052	0.088	0.058	0.077	0.052	0.057	2	M1979	0.1	1	TRUE
1035	M809	0.02	0.023	0.068	0.053	0.068	0.064	0.077	0.042	0.05	0.062	0.089	0.067	0.083	0.066	0.055	0.055	0.059	2	M809	0.089	1	FALSE
3571	M1106	0.036	0.073	0.048	0.099	0.047	0.093	0.063	0.045	0.05	0.053	0.057	0.045	0.055	0.048	0.051	0.06	0.079	2	M1106	0.099	1	FALSE
139	M831	0.091	0.106	0.065	0.069	0.044	0.062	0.053	0.061	0.04	0.058	0.056	0.046	0.056	0.042	0.053	0.054	0.044	2	M1079	0.106	1	TRUE
1097	M1975	0.047	0.062	0.097	0.054	0.051	0.046	0.041	0.098	0.098	0.031	0.037	0.043	0.062	0.056	0.032	0.056	0.09	2	M1975	0.098	1	FALSE
1808	M1975	0.027	0.071	0.049	0.09	0.044	0.036	0.039	0.179	0.091	0.053	0.035	0.036	0.039	0.043	0.048	0.053	0.066	2	M1975	0.179	1	FALSE
1073	M1975	0.044	0.085	0.054	0.055	0.043	0.046	0.053	0.113	0.084	0.045	0.057	0.037	0.051	0.037	0.048	0.058	0.089	2	M1975	0.113	1	FALSE
1504	M1079	0.041	0.069	0.046	0.082	0.052	0.043	0.067	0.041	0.057	0.095	0.061	0.049	0.064	0.053	0.054	0.045	0.08	2	M244	0.095	1	TRUE
2599	M1106	0.06	0.073	0.04	0.06	0.063	0.057	0.059	0.045	0.084	0.061	0.072	0.047	0.055	0.058	0.045	0.051	0.071	2	M1979	0.084	1	TRUE
3363	M1102	0.048	0.047	0.068	0.046	0.079	0.06	0.053	0.032	0.031	0.052	0.075	0.064	0.101	0.077	0.075	0.057	0.035	2	M813	0.101	1	TRUE
1522	M1079	0.032	0.314	0.045	0.044	0.035	0.03	0.033	0.06	0.059	0.041	0.034	0.029	0.035	0.044	0.033	0.05	0.083	2	M1079	0.314	1	FALSE
1501	M1079	0.235	0.305	0.038	0.028	0.025	0.028	0.031	0.036	0.048	0.028	0.028	0.025	0.03	0.03	0.03	0.028	0.028	2	M1079	0.305	1	FALSE
1389	PP1	0.038	0.034	0.051	0.084	0.079	0.069	0.088	0.049	0.043	0.046	0.064	0.049	0.08	0.051	0.067	0.046	0.061	2	M1106	0.084	2	TRUE
2387	M1551	0.037	0.06	0.085	0.065	0.065	0.054	0.084	0.041	0.032	0.045	0.06	0.066	0.051	0.048	0.09	0.052	0.066	2	M1102	0.085	2	TRUE
1837	M1975	0.027	0.049	0.051	0.041	0.036	0.042	0.034	0.238	0.196	0.026	0.034	0.035	0.04	0.032	0.033	0.04	0.046	2	M1979	0.196	2	TRUE
298	PP1	0.054	0.039	0.037	0.059	0.074	0.054	0.058	0.044	0.038	0.044	0.106	0.058	0.059	0.076	0.068	0.08	0.05	2	PP1	0.08	2	FALSE
245	M831	0.058	0.061	0.075	0.034	0.064	0.066	0.058	0.045	0.089	0.04	0.059	0.053	0.074	0.077	0.051	0.051	0.043	2	M815	0.077	2	TRUE
112	M831	0.035	0.032	0.048	0.058	0.06	0.052	0.051	0.063	0.1	0.052	0.063	0.052	0.088	0.058	0.077	0.052	0.057	2	M813	0.088	2	TRUE
1035	M809	0.02	0.023	0.068	0.053	0.068	0.064	0.077	0.042	0.05	0.062	0.089	0.067	0.083	0.066	0.055	0.055	0.059	2	M813	0.083	2	TRUE
3571	M1106	0.036	0.073	0.048	0.099	0.047	0.093	0.063	0.045	0.05	0.053	0.057	0.045	0.055	0.048	0.051	0.06	0.079	2	M1113	0.093	2	TRUE
139	M831	0.091	0.106	0.065	0.069	0.044	0.062	0.053	0.061	0.04	0.058	0.056	0.046	0.056	0.042	0.053	0.054	0.044	2	CXSGT	0.091	2	TRUE
1097	M1975	0.047	0.062	0.097	0.054	0.051	0.046	0.041	0.098	0.098	0.031	0.037	0.043	0.062	0.056	0.032	0.056	0.09	2	M1979	0.098	2	TRUE
1808	M1975	0.027	0.071	0.049	0.09	0.044	0.036	0.039	0.179	0.091	0.053	0.035	0.036	0.039	0.043	0.048	0.053	0.066	2	M1979	0.091	2	TRUE
1073	M1975	0.044	0.085	0.054	0.055	0.043	0.046	0.053	0.113	0.084	0.045	0.057	0.037	0.051	0.037	0.048	0.058	0.089	2	PP3	0.089	2	TRUE
1504	M1079	0.041	0.069	0.046	0.082	0.052	0.043	0.067	0.041	0.057	0.095	0.061	0.049	0.064	0.053	0.054	0.045	0.08	2	M1106	0.082	2	TRUE
2599	M1106	0.06	0.073	0.04	0.06	0.063	0.057	0.059	0.045	0.084	0.061	0.072	0.047	0.055	0.058	0.045	0.051	0.071	2	M1079	0.073	2	TRUE
3363	M1102	0.048	0.047	0.068	0.046	0.079	0.06	0.053	0.032	0.031	0.052	0.075	0.064	0.101	0.077	0.075	0.057	0.035	2	M1112	0.079	2	TRUE
1522	M1079	0.032	0.314	0.045	0.044	0.035	0.03	0.033	0.06	0.059	0.041	0.034	0.029	0.035	0.044	0.033	0.05	0.083	2	PP3	0.083	2	TRUE
1501	M1079	0.235	0.305	0.038	0.028	0.025	0.028	0.031	0.036	0.048	0.028	0.028	0.025	0.03	0.03	0.03	0.028	0.028	2	CXSGT	0.235	2	TRUE
1389	PP1	0.038	0.034	0.051	0.084	0.079	0.069	0.088	0.049	0.043	0.046	0.064	0.049	0.08	0.051	0.067	0.046	0.061	2	M813	0.08	3	TRUE
2387	M1551	0.037	0.06	0.085	0.065	0.065	0.054	0.084	0.041	0.032	0.045	0.06	0.066	0.051	0.048	0.09	0.052	0.066	2	M1551	0.084	3	FALSE
1837	M1975	0.027	0.049	0.051	0.041	0.036	0.042	0.034	0.238	0.196	0.026	0.034	0.035	0.04	0.032	0.033	0.04	0.046	2	M1102	0.051	3	TRUE
298	PP1	0.054	0.039	0.037	0.059	0.074	0.054	0.058	0.044	0.038	0.044	0.106	0.058	0.059	0.076	0.068	0.08	0.05	2	M815	0.076	3	TRUE
245	M831	0.058	0.061	0.075	0.034	0.064	0.066	0.058	0.045	0.089	0.04	0.059	0.053	0.074	0.077	0.051	0.051	0.043	2	M1102	0.075	3	TRUE
112	M831	0.035	0.032	0.048	0.058	0.06	0.052	0.051	0.063	0.1	0.052	0.063	0.052	0.088	0.058	0.077	0.052	0.057	2	M831	0.077	3	FALSE
1035	M809	0.02	0.023	0.068	0.053	0.068	0.064	0.077	0.042	0.05	0.062	0.089	0.067	0.083	0.066	0.055	0.055	0.059	2	M1551	0.077	3	TRUE
3571	M1106	0.036	0.073	0.048	0.099	0.047	0.093	0.063	0.045	0.05	0.053	0.057	0.045	0.055	0.048	0.051	0.06	0.079	2	PP3	0.079	3	TRUE
139	M831	0.091	0.106	0.065	0.069	0.044	0.062	0.053	0.061	0.04	0.058	0.056	0.046	0.056	0.042	0.053	0.054	0.044	2	M1106	0.069	3	TRUE
1097	M1975	0.047	0.062	0.097	0.054	0.051	0.046	0.041	0.098	0.098	0.031	0.037	0.043	0.062	0.056	0.032	0.056	0.09	2	M1102	0.097	3	TRUE
1808	M1975	0.027	0.071	0.049	0.09	0.044	0.036	0.039	0.179	0.091	0.053	0.035	0.036	0.039	0.043	0.048	0.053	0.066	2	M1106	0.09	3	TRUE
1073	M1975	0.044	0.085	0.054	0.055	0.043	0.046	0.053	0.113	0.084	0.045	0.057	0.037	0.051	0.037	0.048	0.058	0.089	2	M1079	0.085	3	TRUE
1504	M1079	0.041	0.069	0.046	0.082	0.052	0.043	0.067	0.041	0.057	0.095	0.061	0.049	0.064	0.053	0.054	0.045	0.08	2	PP3	0.08	3	TRUE
2599	M1106	0.06	0.073	0.04	0.06	0.063	0.057	0.059	0.045	0.084	0.061	0.072	0.047	0.055	0.058	0.045	0.051	0.071	2	M809	0.072	3	TRUE
3363	M1102	0.048	0.047	0.068	0.046	0.079	0.06	0.053	0.032	0.031	0.052	0.075	0.064	0.101	0.077	0.075	0.057	0.035	2	M815	0.077	3	TRUE
1522	M1079	0.032	0.314	0.045	0.044	0.035	0.03	0.033	0.06	0.059	0.041	0.034	0.029	0.035	0.044	0.033	0.05	0.083	2	M1975	0.06	3	TRUE
1501	M1079	0.235	0.305	0.038	0.028	0.025	0.028	0.031	0.036	0.048	0.028	0.028	0.025	0.03	0.03	0.03	0.028	0.028	2	M1979	0.048	3	TRUE
1389	PP1	0.038	0.034	0.051	0.084	0.079	0.069	0.088	0.049	0.043	0.046	0.064	0.049	0.08	0.051	0.067	0.046	0.061	2	M1112	0.079	4	TRUE
2387	M1551	0.037	0.06	0.085	0.065	0.065	0.054	0.084	0.041	0.032	0.045	0.06	0.066	0.051	0.048	0.09	0.052	0.066	2	M811	0.066	4	TRUE
1837	M1975	0.027	0.049	0.051	0.041	0.036	0.042	0.034	0.238	0.196	0.026	0.034	0.035	0.04	0.032	0.033	0.04	0.046	2	M1079	0.049	4	TRUE
298	PP1	0.054	0.039	0.037	0.059	0.074	0.054	0.058	0.044	0.038	0.044	0.106	0.058	0.059	0.076	0.068	0.08	0.05	2	M1112	0.074	4	TRUE
245	M831	0.058	0.061	0.075	0.034	0.064	0.066	0.058	0.045	0.089	0.04	0.059	0.053	0.074	0.077	0.051	0.051	0.043	2	M813	0.074	4	TRUE
112	M831	0.035	0.032	0.048	0.058	0.06	0.052	0.051	0.063	0.1	0.052	0.063	0.052	0.088	0.058	0.077	0.052	0.057	2	M1975	0.063	4	TRUE
1035	M809	0.02	0.023	0.068	0.053	0.068	0.064	0.077	0.042	0.05	0.062	0.089	0.067	0.083	0.066	0.055	0.055	0.059	2	M1102	0.068	4	TRUE
3571	M1106	0.036	0.073	0.048	0.099	0.047	0.093	0.063	0.045	0.05	0.053	0.057	0.045	0.055	0.048	0.051	0.06	0.079	2	M1079	0.073	4	TRUE
139	M831	0.091	0.106	0.065	0.069	0.044	0.062	0.053	0.061	0.04	0.058	0.056	0.046	0.056	0.042	0.053	0.054	0.044	2	M1102	0.065	4	TRUE
1097	M1975	0.047	0.062	0.097	0.054	0.051	0.046	0.041	0.098	0.098	0.031	0.037	0.043	0.062	0.056	0.032	0.056	0.09	2	PP3	0.09	4	TRUE
1808	M1975	0.027	0.071	0.049	0.09	0.044	0.036	0.039	0.179	0.091	0.053	0.035	0.036	0.039	0.043	0.048	0.053	0.066	2	M1079	0.071	4	TRUE
1073	M1975	0.044	0.085	0.054	0.055	0.043	0.046	0.053	0.113	0.084	0.045	0.057	0.037	0.051	0.037	0.048	0.058	0.089	2	M1979	0.084	4	TRUE
1504	M1079	0.041	0.069	0.046	0.082	0.052	0.043	0.067	0.041	0.057	0.095	0.061	0.049	0.064	0.053	0.054	0.045	0.08	2	M1079	0.069	4	FALSE
2599	M1106	0.06	0.073	0.04	0.06	0.063	0.057	0.059	0.045	0.084	0.061	0.072	0.047	0.055	0.058	0.045	0.051	0.071	2	PP3	0.071	4	TRUE
3363	M1102	0.048	0.047	0.068	0.046	0.079	0.06	0.053	0.032	0.031	0.052	0.075	0.064	0.101	0.077	0.075	0.057	0.035	2	M809	0.075	4	TRUE
1522	M1079	0.032	0.314	0.045	0.044	0.035	0.03	0.033	0.06	0.059	0.041	0.034	0.029	0.035	0.044	0.033	0.05	0.083	2	M1979	0.059	4	TRUE
1501	M1079	0.235	0.305	0.038	0.028	0.025	0.028	0.031	0.036	0.048	0.028	0.028	0.025	0.03	0.03	0.03	0.028	0.028	2	M1102	0.038	4	TRUE
1389	PP1	0.038	0.034	0.051	0.084	0.079	0.069	0.088	0.049	0.043	0.046	0.064	0.049	0.08	0.051	0.067	0.046	0.061	2	M1113	0.069	5	TRUE
2387	M1551	0.037	0.06	0.085	0.065	0.065	0.054	0.084	0.041	0.032	0.045	0.06	0.066	0.051	0.048	0.09	0.052	0.066	2	PP3	0.066	5	TRUE
1837	M1975	0.027	0.049	0.051	0.041	0.036	0.042	0.034	0.238	0.196	0.026	0.034	0.035	0.04	0.032	0.033	0.04	0.046	2	PP3	0.046	5	TRUE
298	PP1	0.054	0.039	0.037	0.059	0.074	0.054	0.058	0.044	0.038	0.044	0.106	0.058	0.059	0.076	0.068	0.08	0.05	2	M831	0.068	5	TRUE
245	M831	0.058	0.061	0.075	0.034	0.064	0.066	0.058	0.045	0.089	0.04	0.059	0.053	0.074	0.077	0.051	0.051	0.043	2	M1113	0.066	5	TRUE
112	M831	0.035	0.032	0.048	0.058	0.06	0.052	0.051	0.063	0.1	0.052	0.063	0.052	0.088	0.058	0.077	0.052	0.057	2	M809	0.063	5	TRUE
1035	M809	0.02	0.023	0.068	0.053	0.068	0.064	0.077	0.042	0.05	0.062	0.089	0.067	0.083	0.066	0.055	0.055	0.059	2	M1112	0.068	5	TRUE
3571	M1106	0.036	0.073	0.048	0.099	0.047	0.093	0.063	0.045	0.05	0.053	0.057	0.045	0.055	0.048	0.051	0.06	0.079	2	M1551	0.063	5	TRUE
139	M831	0.091	0.106	0.065	0.069	0.044	0.062	0.053	0.061	0.04	0.058	0.056	0.046	0.056	0.042	0.053	0.054	0.044	2	M1113	0.062	5	TRUE
1097	M1975	0.047	0.062	0.097	0.054	0.051	0.046	0.041	0.098	0.098	0.031	0.037	0.043	0.062	0.056	0.032	0.056	0.09	2	M1079	0.062	5	TRUE
1808	M1975	0.027	0.071	0.049	0.09	0.044	0.036	0.039	0.179	0.091	0.053	0.035	0.036	0.039	0.043	0.048	0.053	0.066	2	PP3	0.066	5	TRUE
1073	M1975	0.044	0.085	0.054	0.055	0.043	0.046	0.053	0.113	0.084	0.045	0.057	0.037	0.051	0.037	0.048	0.058	0.089	2	PP1	0.058	5	TRUE
1504	M1079	0.041	0.069	0.046	0.082	0.052	0.043	0.067	0.041	0.057	0.095	0.061	0.049	0.064	0.053	0.054	0.045	0.08	2	M1551	0.067	5	TRUE
2599	M1106	0.06	0.073	0.04	0.06	0.063	0.057	0.059	0.045	0.084	0.061	0.072	0.047	0.055	0.058	0.045	0.051	0.071	2	M1112	0.063	5	TRUE
3363	M1102	0.048	0.047	0.068	0.046	0.079	0.06	0.053	0.032	0.031	0.052	0.075	0.064	0.101	0.077	0.075	0.057	0.035	2	M831	0.075	5	TRUE
1522	M1079	0.032	0.314	0.045	0.044	0.035	0.03	0.033	0.06	0.059	0.041	0.034	0.029	0.035	0.044	0.033	0.05	0.083	2	PP1	0.05	5	TRUE
1501	M1079	0.235	0.305	0.038	0.028	0.025	0.028	0.031	0.036	0.048	0.028	0.028	0.025	0.03	0.03	0.03	0.028	0.028	2	M1975	0.036	5	TRUE
